{"runs": 29, "TP_total": 16, "FP_total": 5, "FN_total": 13, "precision_global": 0.7619047619047619, "recall_global": 0.5517241379310345, "f1_global": 0.64}